Workbook
Name F0_in: Inputs!$B$3
Name FC_AMT: Inputs!$B$1
Name Forward_USD: Calculations!$C$3
Name K_CALL: Inputs!$B$8
Name K_PUT: Inputs!$B$6
Name Parity_Diff: Calculations!$C$7
Name PREM_CALL: Inputs!$B$9
Name PREM_PUT: Inputs!$B$7
Name PV_FC: Calculations!$C$4
Name R_FC: Inputs!$B$5
Name R_USD: Inputs!$B$4
Name S0_in: Inputs!$B$2
Name T_DAYS: Inputs!$B$10
Name T_yrs: Calculations!$C$2
Name USD_mm_proceeds: Calculations!$C$6
Name USD_now: Calculations!$C$5

Sheet Inputs
A1: FC_AMT | B1: 8000000
A2: S0_in | B2: 1.1725
A3: F0_in | B3: 1.089
A4: R_USD | B4: 0.0368
A5: R_FC | B5: 0.0287
A6: K_PUT | B6: 1.089
A7: PREM_PUT | B7: 0.02
A8: K_CALL | B8: 1.089
A9: PREM_CALL | B9: 0.02
A10: T_DAYS | B10: 365

Sheet Calculations
B2: T_yrs | C2: =T_DAYS / 365 -> 1
B3: Forward_USD | C3: =FC_AMT * F0_in -> 8712000
B4: PV_FC | C4: =FC_AMT / (1 + R_FC) -> 7776805.7
B5: USD_now | C5: =PV_FC * S0_in -> 9118304.7
B6: USD_mm_proceeds | C6: =USD_now * (1 + R_USD) -> 9453858.3
B7: Parity_Diff | C7: {=ABS(USD_mm_proceeds - Forward_USD)} -> 741858.27

Sheet Sensitivity
A1: S_T | B1: NoHedge | C1: Forward | D1: MoneyMarket | E1: PutNet | F1: CallNet
A2: {=S0_in*0.95} -> 1.113875 | B2: {=FC_AMT * A2} -> 8911000 | C2: =FC_AMT * F0_in -> 8712000 | D2: =Calculations!$C$6 -> 9453858.3 | E2: =FC_AMT * MAX(A2, K_PUT) - PREM_PUT * FC_AMT -> 8751000 | F2: {=FC_AMT * MAX(A2, K_CALL) - PREM_CALL * FC_AMT} -> 8751000
A3: =$A2 * 1.01 -> 1.1250137 | B3: {=FC_AMT * A3} -> 9000110 | C3: {=FC_AMT * F0_in} -> 8712000 | D3: =Calculations!$C$6 -> 9453858.3 | E3: =FC_AMT * MAX(A3, K_PUT) - PREM_PUT * FC_AMT -> 8840110 | F3: {=FC_AMT * MAX(A3, K_CALL) - PREM_CALL * FC_AMT} -> 8840110
A4: =$A3 * 1.01 -> 1.1362639 | B4: {=FC_AMT * A4} -> 9090111.1 | C4: {=FC_AMT * F0_in} -> 8712000 | D4: =Calculations!$C$6 -> 9453858.3 | E4: =FC_AMT * MAX(A4, K_PUT) - PREM_PUT * FC_AMT -> 8930111.1 | F4: {=FC_AMT * MAX(A4, K_CALL) - PREM_CALL * FC_AMT} -> 8930111.1
A5: =$A4 * 1.01 -> 1.1476265 | B5: {=FC_AMT * A5} -> 9181012.2 | C5: {=FC_AMT * F0_in} -> 8712000 | D5: =Calculations!$C$6 -> 9453858.3 | E5: =FC_AMT * MAX(A5, K_PUT) - PREM_PUT * FC_AMT -> 9021012.2 | F5: {=FC_AMT * MAX(A5, K_CALL) - PREM_CALL * FC_AMT} -> 9021012.2
A6: =$A5 * 1.01 -> 1.1591028 | B6: {=FC_AMT * A6} -> 9272822.3 | C6: {=FC_AMT * F0_in} -> 8712000 | D6: =Calculations!$C$6 -> 9453858.3 | E6: =FC_AMT * MAX(A6, K_PUT) - PREM_PUT * FC_AMT -> 9112822.3 | F6: {=FC_AMT * MAX(A6, K_CALL) - PREM_CALL * FC_AMT} -> 9112822.3
A7: =$A6 * 1.01 -> 1.1706938 | B7: {=FC_AMT * A7} -> 9365550.6 | C7: {=FC_AMT * F0_in} -> 8712000 | D7: =Calculations!$C$6 -> 9453858.3 | E7: =FC_AMT * MAX(A7, K_PUT) - PREM_PUT * FC_AMT -> 9205550.6 | F7: {=FC_AMT * MAX(A7, K_CALL) - PREM_CALL * FC_AMT} -> 9205550.6
A8: =$A7 * 1.01 -> 1.1824008 | B8: {=FC_AMT * A8} -> 9459206.1 | C8: {=FC_AMT * F0_in} -> 8712000 | D8: =Calculations!$C$6 -> 9453858.3 | E8: =FC_AMT * MAX(A8, K_PUT) - PREM_PUT * FC_AMT -> 9299206.1 | F8: {=FC_AMT * MAX(A8, K_CALL) - PREM_CALL * FC_AMT} -> 9299206.1
A9: =$A8 * 1.01 -> 1.1942248 | B9: {=FC_AMT * A9} -> 9553798.1 | C9: {=FC_AMT * F0_in} -> 8712000 | D9: =Calculations!$C$6 -> 9453858.3 | E9: =FC_AMT * MAX(A9, K_PUT) - PREM_PUT * FC_AMT -> 9393798.1 | F9: {=FC_AMT * MAX(A9, K_CALL) - PREM_CALL * FC_AMT} -> 9393798.1
A10: =$A9 * 1.01 -> 1.206167 | B10: {=FC_AMT * A10} -> 9649336.1 | C10: {=FC_AMT * F0_in} -> 8712000 | D10: =Calculations!$C$6 -> 9453858.3 | E10: =FC_AMT * MAX(A10, K_PUT) - PREM_PUT * FC_AMT -> 9489336.1 | F10: {=FC_AMT * MAX(A10, K_CALL) - PREM_CALL * FC_AMT} -> 9489336.1

Sheet Outputs
A1: Metric | B1: Value
A2: Forward USD | B2: =Calculations!C3 -> 8712000
A3: Money Market USD | B3: =Calculations!C6 -> 9453858.3
A4: Parity difference | B4: =Calculations!C7 -> 741858.27
A5: Unhedged min (USD) | B5: =MIN(Sensitivity!B2:B12) -> 8911000
A6: Unhedged max (USD) | B6: =MAX(Sensitivity!B2:B12) -> 9649336.1
A7: Worst case with put (USD) | B7: =FC_AMT * K_PUT - PREM_PUT * FC_AMT -> 8552000
A8: Option premium total (PUT) | B8: =PREM_PUT * FC_AMT -> 160000
A9: Assumptions/Sources
A10: Spot: Yahoo Finance EURUSD, 2026-04-10
A11: Forward: course scenario 1.0890a
A12: USD rate: U.S. Treasury 1yr, 2026-04-10
A13: EUR rate: 12m Euribor, 2026-04-10
